"Anas Tarik M Alsoliman",aalsolim@uci.edu,XfDMDqzukkvOqwHvTbyIZQeHhJJnMQZbwcaPpjRFjK
UnknownUser,abc@gmail.com,tfaGIQWXnRXacqyDnpUIQWpiZVvykkMEHovUeqOjfC
"Anton Burtsev",aburtsev@uci.edu,bXJsXNUREKzLCKECtHsbgDSFobneEARnWOUJtoaopp
"Andrew Christopher Chien",acchien1@uci.edu,b0023a4f63ac7730ecb2b1947c7fdd7ecb2fe108
"Andrew Chio",achio@uci.edu,mQhVwMkxeFsBQSLoYtpVoWOLwqBIaGatOUemIosArC
"adithya srinivasan",adith.ad@gmail.com,375b0c8e56984cf580d306987021470b73835e0e
"April Sather",aesather@uci.edu,uoIZZvCJkeHfBAjCIgPnQBNBpVDWEmLrLkdbIJsXWB
"Aditya Krishnan",akrishnan@scu.edu,9f602b42f1ec51438632c6b4197e73ccc3ef7269
"Alexander Veidenbaum",alexv@ics.uci.edu,pdtLJsBAuUEcHpBsXqQyScpHOvPPoIKRFZGFxEsOOZ
"Shannon Alfaro",alfaro@uci.edu,EpwkUWEnrxDSEAiaJlVzYuZIGjWWkSvIQDNcxoHTkJ
"Alfred Kobsa",alfredkobsa@gmail.com,JJFdLTXLXYmfcCHwVvvnPmPlHxzBGFCFTEznLFtyhn
"Di Wu",alleninwood@gmail.com,df8e4b8e6904d1cdf269e614b1602e7db3e10fdf
"Abdul Alsaudi",alsaudia@uci.edu,82ef74cb9eb0190061b438004867894023404e7b
"Joseph David Alvizo",alvizoj@uci.edu,PuHxnyNFXfXTsdtpXSNJBXrGojIIEMftWpGTCrGxdk
"Amaris Lewisi",amari.lewis116@gmail.com,vxnsKApzpDDjhjUrEdqrNzOhLbnuaZcdnOYWAduQDT
"Amari Lewis",amaril@uci.edu,c5c37a715c0371859844286f6652b80d14cd3d27
"Ardalan Amiri Sani",ardalan@uci.edu,KSbuFUWyiEKcodUOulUBAoGcxmIwCFcQaKjXNQdjfJ
"Amelia C. Regan",aregan@uci.edu,zGZDaNCRSbxavUJcsjZCwhSwwQxsuDjVrzXLARRbDD
"Athina Markopoulou",athina@gmail.com,AKegCJqHdfrrPAPxRJJSQGCvQRAHWAvuSIMHiPWPUA
"Arundhati Ulhas Sawant",ausawant@uci.edu,7da70fc69a5b368a4c92ce0e346bc5d1e0af5f66
"Austin Tyler Jackson-deyoung",austintj@uci.edu,AtGWbkjAzqQZrcHGtbAEMrCYNNbUUHRmDZYxbeHaOH
"Avinash Kumar",avinask1@uci.edu,b0dab2dc134dd0d25dacde7f46e1f56890d9e8f7
"Ali Saed Younis",ayounis@uci.edu,VzOYXMoPymcrIkQhROGpwwQFRAczGxKyCNwAQvWlSk
"Qiushi Bai",baiqiushi@gmail.com,5b6b791a63b4556a8b54d24db430536e99422fcb
"Lubomir Bic",bic@ics.uci.edu,eUUtZxjOyvrqjbXgQKrKbKMFCsfsmxnezdJwjVzfTJ
"Bo Ning",bning1@uci.edu,DxUoRfWZHUTBiYpbuubMJSizgbfioyMuTjGODPmWWG
"Joshua Cao",caoj11@uci.edu,dmGWhYbIQoVDregQnvATPFGszQTUBXIHVqlrNckeqS
"Cesar Alejandro Venegas",caveneg1@uci.edu,QWBjZqeuuDeGoTKTlpXbbYnsTWgvreIPqETuPbEJJx
"Chao Wang",chaow17@uci.edu,5fc731689fd31f56b51b1d953fd72844a0f547d4
"Chen Li",chenli@ics.uci.edu,pssDXtqDoUxgddsipQBxZnHSTTPFQLxtEjXuQCJbNc
"Chiyu Cheng",chiyuc2@uci.edu,HpTUzzsTQFdpzRJGxzLKMEnzdBGCXGStIvVwjfOnDw
"Clara Marques Caldeira",claram@uci.edu,GqIrdvmStrksMdjckNONtwXNvNfSkYXdVpKVFxibFL
"Claudia Nazareth Cota",cncota@uci.edu,37b978dd99e6f7993fbf8b615731d14fa8537319
"Chanun Sumphanphaisal",csumphan@uci.edu,bndlNjLSmQzbZCDPBfjTGHxKrQZbfilFvsMQXyRRyf
"Daniel S. Hirschberg",dan@ics.uci.edu,QUdLJKifyCAXgRGBCbjiOPIMHZqBmMQfmcbxHyzjcN
"Danny Tran",dannyqt1@uci.edu,QAjjSKGxYBYlUCiInrlZtUEEptNCJQgxQjYipqLSvS
"Daokun Jiang",daokunj@uci.edu,a22d93e0719eaf4da8a46085fc877064776bdc96
Dhrub,dhrubajg@uci.edu,11d58fd604e31332d0e061f9e445058afb453291
"Diego Torres",diegot1@uci.edu,oDFoBlrbuBmkCkukcpyiJbjKXAjfAnKmdbURwSUoNP
"Michael Dillencourt",dillenco@ics.uci.edu,XgPZoiJegLIwltXRuMnHltUQbHMXfRnNXsyDcCuZWE
"?? ?",dingjiaxin0227@gmail.com,ymjffZdIYjkJomEoHeaQEAgYorAzBJUYkXYVmngKHC
"Dixin Zhou",dixinz@uci.edu,BiQGZbPVvHUYQBmbOJSzYqsWupgfyPVGEMGpSaGrMr
"Noe Dorado",doradon@uci.edu,fYxgoifgNRftQQmpRoOybOFdMwrNYwnmyxePJmmnbX
"Nikil Dutt",dutt@ics.uci.edu,orDREqOnGNIMGBtojOydMkTxWrJzLhMdpTgUqtvKCX
"Di Wu",dwu16@ics.uci.edu,430711578a2154903d88652e7690c73ff37c139c
"Di Wu",dwu16@uci.edu,12dba5bcbf56168cf1c30e5f5fe898d3ce08bf8a
"EUN JEONG SHIN",ejshin1@uci.edu,d9c6a669bdf5b78635f11873705d947d89d50ac2
"Efi Karra",ekarrata@uci.edu,d00cc6db2d2b6721ed9d104a31e81a885e70d45b
"Elaheh (Eli) Bozorgzadeh",eli@ics.uci.edu,AclvbWyPYROqFaiURoDcCbJASfegAdgytNbwNGzZUY
"Magda El Zarki",elzarki@uci.edu,WsZRGSrTPnfOMPltLOwncoGZRuLNYIvmQpXoxNmtjd
"Evanjelin Mahmoodi",emahmood@ucsc.edu,uOquKcdZpgrJXKnQDdIKZMmChGTBwBvaYrHebDElQz
"Eric Mjolsness",emj@uci.edu,ucEgrjuIJLnemrLjkTObrFwuzqacXejioHkTGLtyGV
"David Eppstein",eppstein@ics.uci.edu,ymQKWYTINovjiATReSwdVkKBrnkwXoFIMqyPNisjbV
"Eric Puchalski",epuchals@uci.edu,EvJGmavTGCGoyaVvDSaXtuncKEUKMWgKvlbdyRloQZ
"Eric Mark Rupp",erupp@uci.edu,EusFJSVDrrEQEZGsnKwVBTXfaiVyZrXKuqMHQCptWw
"Yu Feng,Yu",mYncgJDLWEIKgDxrdoMQvyPHRPaYlYPQOtfUtikZgZ
"Yu Feng",fengy12@uci.edu,b5d6f20aa213c206b8004759adce48ad7b49fe0c
"Charless Fowlkes",fowlkes@ics.uci.edu,bcFQwyvMcoPwFQFwEqabJczxVdWPSocFDzSFCKmPfl
"Michael Franz",franz@uci.edu,nGMDOcGCidpuWErkldJSjSRjLyOwzUSFvfzqvMgQHu
"Karthik Gajulapalli",gajulapalli.karthik@gmail.com,zabTMKrmRtZwJjyLgpXQtqWFfCvhrNKgdKadajtDGr
"Gaozhiquan Wang",gaozhiqw@uci.edu,5c63380c00fd5a4febfc90ec66bcfff965d97cc2
"Georgios Bouloukakis",gboulouk@uci.edu,b4e6d44092eccc47316760a3e47a66c873d90a63
"Tony Givargis",givargis@uci.edu,cztOqFJtNTDornNzlehrkoBqsVeUoznbHzGVXiqygm
"Gabriela Marina Ruvalcaba",gmruvalc@uci.edu,OIFqmWcvpEkcvMsMfnDpfhsHDQELHTlAVtptwNDNVZ
"golam kayas",golamkayas@gmail.com,TrEDBfvVtJuMuIaQbMocgaqNMSfGiUFKXfjlahFDzo
"Michael T. Goodrich",goodrich@ics.uci.edu,OOCQzixdEAVygvfGWzuzJxycWXBIahCsUthmqHnpQU
"Gopi Meenakshisundaram",gopi@ics.uci.edu,fJppKtaulpgFgiyDOxHuCwaXKPfvniYLDVfxkfMsyY
"Casey Andrew Graff",graffc@uci.edu,346ef13466068cef50b35615e3fa59f671eb99ce
"Gene Tsudik",gts@ics.uci.edu,GOeDJzSIAhaqafsuBUAAtmgoBnRrFkSbKMrYNDdDUI
"Guoxi Wang",guoxiw1@uci.edu,7ca5b3ecc4c6618b1106b4beadf355ae7d4904fc
"Guoxi Wang",guoxizacks@gmail.com,fKWrUVKIefTRpBbIRNSavaaAAlpXYAkaWBPtswDoFV
"GuangXue Zhang",gxzhang7@uci.edu,oFaJHwtrlmEEawMdFsdqGxdmeOmUkfmNIpUbKyNtUK
"Rui Hao",haor1@uci.edu,PWLEVjLPEasBVtRvVxgKsrxuAznZqBtCWiucBtUMeu
"Jonathan Harijanto",harijant@uci.edu,PejCKVynVPYivUFnvNqpLvVryjqQUYdIGZJzOqeIbH
"Ian G. Harris",harris@ics.uci.edu,nvtiJpedrBwmgPxOhMtJoPMEKDHWftZCvnShxABCFj
"Harry Xu",harry.g.xu@uci.edu,VXAYIgAQLxJIwCKPqQBtlYGWbfODBiucQBZVihgkIJ
"Mamadou H. Diallo",hassimiou@gmail.com,628186e969bd134b827db0285affef2385a442cc
"Ibraheem  Alsaab",ialsaab@uci.edu,GmwVNEObpCzGfFCELEZVLrQxvKVdyOEoMuzBfPZFto
"Alexander Ihler",ihler@ics.uci.edu,vNovTcaEZcbmiQlotlofDCPZffMHicanuudfGYxLHh
"Hosub Lee",iot.privacy@gmail.com,3faa0519380f156def171320d19cc667825c8a48
"Sandy Irani",irani@ics.uci.edu,iiJTOamrkBWEuVaGvYuGWLAOgZjQGfPGlMNtwwapLM
"Isaac D. Scherson",isaac@ics.uci.edu,qheAgGmTFKEgZqQvKNqXUjWIyBFnVRtONxVwHUKwdj
"Ramesh Jain",jain@ics.uci.edu,LvGVvHRSdcDyzlKBRCrbDSfYHAoQPyuKIvoVSKutum
"Jason Cleaver",jcleaver@ics.uci.edu,vEXCFrLssJGSTeeAmczPLnzNImBOWKoZeiuNBiISTG
"Jerome ",jerome3399@gmail.com,vvWEGDuBBnAfkKBEJqHUoLurPeEbRUsuFYbRHpKPDj
"Joseph Gray Bustamante",jgbustam@uci.edu,4815e1c1ef2ca5db06725a4f38dce591cca08012
"Jamshir Goorabian",jgoorabi@uci.edu,mvpvurlyLTKHcpbCGsGfhIXLIdtqTwCbtuMahJwmzj
"Jimmy Wang",jianwenw@uci.edu,ac19fd7e2c5754c88327bbde8e27e11393b732de
"Jiehui Zhang",jiehuiz@uci.edu,lLJynTCVYLVKPdZTXAfXjqojVfuPTNxlcdPKbyXvII
"Justin Oudomdara Lonh",jlonh@uci.edu,wDysjKfBhnLrnyENjTvZcfJqPAYecLakcHJJqNHYoI
"Jason Orlando Almaraz",joalmara@uci.edu,BWmFNWKIgdLuxUBPQPcQlFmmwuUuONMVuNeKAjDHYQ
"Johnny Phan",johnny.phan@gmail.com,fFvqgsdGfwMfXVofsMbqtSvNQtTBPylexKheZDwAPX
"Jordan Alexander Rayfield",jrayfiel@uci.edu,405a86f4bbfa35faf2931176b43225be91666ad0
"Julianne Toa Li",jtli3@uci.edu,jzjvqELaDHMSsdWQBcEqiqBDSGRcxGxyiQtXGAhtXf
"Justin Prince",justindprince@gmail.com,TfnrwrbQMKAOuExHkTKGKJYVbRJGaYlUVdxaTXGgIw
"Kartik Kaul",kartikk@uci.edu,ce482df474b3c8bd8a947b82b8c0ece333b6290c
"Kathy M. Nguyen",kathymn1@uci.edu,znVwBbkSWVjFCBKKEWKElfivWpUKtXjllHAQRKLaRx
"David G. Kay",kay@uci.edu,PQgoifIlwgvYjWqMmiKutmIWwDxtFuxPQKotzoaNFs
"Kamal Nayan Reddy Challa",kc11@iitbbs.ac.in,adMFAlQCWLqTHXxOZTpDVJkAKkZgMWzVvYFwCJcXDK
"Kexin Wang",kexinw9@uci.edu,907bf461b50567ca40005b2c92898e8e6e4b41bf
"Karthik Gajulapalli",kgajulap@uci.edu,125c37dbd289de733df823308c0706ffe8d19a22
"Dennis Kibler",kibler@ics.uci.edu,LMKNsBaFGWNpOJQtBIuQYkDmADMWMaZmZhpIEnZGws
"Kayla Carrera",kncarrer@uci.edu,JOkqLacuFLqjjxZeknPMGuLvuxDCapSUBsDCKgffZt
"Alfred Kobsa",kobsa@uci.edu,kvUQhTkBRHHqQTvpyTtjeZSESTmkjhEYFMYfEntCoz
"Kevin Amin Omidvaran",komidvar@uci.edu,a1702981888563a587a4ee4de9bd9a05c8efb440
"Kevin Choi",kwchoi1@uci.edu,991a40c4288773253053432c28ea1ccc045cfa14
"Kai Ye",kye7@uci.edu,5cbe1375c0474c55fc5f0bedb5bfe029dfd68eac
Kyle,kyle.edward.benson@gmail.com,69c848d0cfb327d10ddc4b30c6d4c966a2d8eedb
"Kyle Tabor Norland",kylenorland@email.arizona.edu,438a3625ff44e4684e1b0d53c3d11f98fef760ba
"Kyungwoo Hyun",kyungwoh@uci.edu,5e05beaab6b1faadf9f60e1952dce3bfeb458783
"nope li",l1060572040@gmail.com,GaOSCgESxjTRIKKiPZWhKJMonQOzjXmKTTjKizUxSa
"Lasse Nordahl",lasseanordahl@gmail.com,0320cd18e5939b119228d8ec684f08a2555f4dbb
"Lingxi Meng",lingxim@ics.uci.edu,6fd77ee8748aad70aa8d722237f7554bde43bf0f
"Lingxi Meng",lingxim@uci.edu,1d55d72abff9acf62d6277f91c8ecfc0fb2d249a
"Lintong Luo",lintongl@uci.edu,ff51089db8d8d764118587df8912a0bf9e0fc14e
"Lin Lin",llin20@uci.edu,UDuObQADDVAIguthoYGvjTCYzrfhZfKWFRErHWETNk
"Lasse Aleksander Nordahl",lnordahl@uci.edu,lUqgZdgxxrHxpeqyyoZXthSeWCbToqZbIjPpBqoXRD
"George S. Lueker",lueker@ics.uci.edu,bdMFsdctCXuqwdiNrQqNpfAMNGBFfEOTUIgUfmYtqK
"Anthony Kai Luu",luuak@uci.edu,qYIgILNvctBluYxywnrpEjsQzhXQVAUJFVDaSzXomx
"Aditi Majumder",majumder@ics.uci.edu,NRUpFADfQPDnuzLkSEjlnVCkmlzkKKwCdLwbTiQRxu
"Venkata Phani Hemanth Malla",mallav@uci.edu,jZoxAJCvRwcIgEMRSuoDnaaWvHiviIocgLnxmVQsLK
"Marios Papaefthymiou",marios@uci.edu,GDEunHRIqtWnywHPKTQdlMpzByoaYVSOMqPLdUVYpF
"Marshall Nguyen",marshahn@uci.edu,e6e6bc174c373039d0168d349ace2b40d8c87ec4
"Maruf Zaber",maruf.zaber@gmail.com,DBjZxxKCCOpUlZujoXYcdTZGGGRkCwbTYUMJoYOfvz
"Matthew Bietz",mbietz@uci.edu,fb3d66903b2272c12494f4aa65b23fd2a5c0edf1
"Mamadou Hassimiou Diallo",mdiallo@uci.edu,PXylWtYaCTvdfKrmSIEQppfYrMvBxhboZTwGacPSsU
"marc gagui",mgagui@gmail.com,PTuVLmsOCpvudGvMlLekheghzRQvOfuybDNyXatmoZ
"Michael Mossbarger",mike@ent.net,pgaSqhYMHetWhivOuoSZWUYTFdyBqJJecwlNQKQupU
"Michael  J Carey",mjcarey@ics.uci.edu,DfZMvZLeCsVufomYWUuWYNnbQhtWqkrxhmZklJvqPB
"Marissa Mai Lafreniere",mlafreni@uci.edu,EnIKULKvmiIgTvZFArxkOzaHliGpcDONQMGKBpykAZ
"Mary Carrillo",mlcarril@ics.uci.edu,UKqrTwVJkTxNnqEzKkJZWkZfnGMFlKKXqMpXdIltgn
"Mikhail Dmitriyevich Lychagin",mlychagi@uci.edu,e68015d99c4d3947c4521772edb79a7039eabe69
"Melissa A. Mazmanian",mmazmani@uci.edu,ZlNBlVwrotWbULhaNHuBJbUBbWyrFZEFZqeGVjbTys
"Manikanta Harsha Nadimpalli",mnadimpa@uci.edu,aBaPrprlFdgYEeRrNAjPkabpvBwJUNMTopsDmEjhXZ
"M S",msadri@uci.edu,RwGrtwaGWDWJbTwEQzPoMmOCEzNchmxWFwmBUURSDn
"Nailah Alhassoun",nailah@uci.edu,hvAiHqiTCalZloYVDIwPeAjfdVhWQhMxCEMRUzKnmc
Nalini,nalini@uci.edu,4e9eb411e04463833c7ebc1a1b2ecc66a44cf4ce
"Nicholas Dadeh",ndadeh@uci.edu,cqheqXxGjpYUCAZzBOLxzhWpJAuELspUnXMUqxHLbR
"Alexandru Nicolau",nicolau@ics.uci.edu,AIdJPBoBUCUYDUpsjhKUopGKCuaXaizmsHBsAufIUp
"Nisha Panwar",npanwar@uci.edu,64d7d22e2db0bbe8013da63eb979cc7203ed5d0c
"Nishanth Narayan Punyamurthy",npunyamu@uci.edu,d6a22df9f1a04b495600e435e5e99c10a0028309
"Owen Yang",okyang@uci.edu,IJrKJcGwAzmPWiCYGOPeoMkJLNsjkYdIuBgnPMlMNt
"Owen Yang",owenyang123@gmail.com,EbJzasUFNNvFPnQbfYXzvHBqsNXUFuBBddocCDacSS
"Nisha Panwar",panwarnisha28@gmail.com,jNxwxdfrRcqeAtlSyoDZkTJUDMTxeblIHCgFZQbpQI
"Richard E Pattis",pattis@ics.uci.edu,HCasbiasTaNEwmlHFOvEGwTWveSUAMlhURWhLWuFpI
"Robin Cristobal",pcristob@uci.edu,80eda36fd2ba77d8bc0a16ed6e11b6567f3f7fcc
"Remove Now",peeyush.lnmit@gmail.com,yicMwPlLIFkMHPOgAXPWEqxkfYPJXbKRAAfMbwTNqj
"Peeyush Gupta",peeyushg@uci.edu,099e54fa8f092119a3c4913970b0e007876f790e
"Pierre Baldi",pfbaldi@ics.uci.edu,CiazkFEZCtTBBGVfJlWNKFOidDYPzSSdNTGhrtxegV
"Chris Davison",phdchrisd@gmail.com,1e1cb12a396fb9a8ffc7c3c7e1dcb08782cf4cf8
"Prajal Trivedi",pmtrived@uci.edu,692f0b8cd26c4822d4db79733f0d44c5f75fff4a
"DongCheol Jwa",popor628@gmail.com,qoDMTImjErXcZoOsEReTIgwEtUXAvAluzWwMpbQMVS
"Prateek Singh",pratees2@uci.edu,URxbuUVOanxXfUbnYqHcxMxNsvViEFnWEUzHJymXuG
"Primal Pappachan",primal@uci.edu,b39207ec099b3bb59b40165cbb073557fe93c450
"PHILLIP LEE",pslee81@gmail.com,bbe4de3d67d6d4b46f0c6a0d7bab8d669854c9da
"Peter Presti",pwpresti@gmail.com,QluweVgnDpTknPDVKHClwTZKTcxTLtwfUAIkxaJOtW
"Robin Cristobal",racristob@gmail.com,GJdKbRJJpMFmkhWQikPyeLuFvhPjbDJejovEzkejkU
"Rahil Rakesh Shah",rahils2@uci.edu,oSeiSOvDclSuotNTcRNyRaOSGKrBHsRHNRmCQPBVTl
"Ramon Garcia",ramong1@uci.edu,0446c742996ef31eb546f826c322e4381ea6a5ca
"Rayan Atab",rayan.atab97@gmail.com,UKGYOrLReoiCIzJrILHEucPFTfvwSlRtrWXKxkGvhP
"Renzhe Yu",renzhey@uci.edu,mZKIozxyMFNhINcbzDepgaIlfJxTVCjldOhLbKzBhY
"Richard Lathrop",rickl@ics.uci.edu,FKpnfhddkhibtYutDMgagNLKTWDSYPnWFMUdiKYnaU
"Rob Gevorkyan",robertgevorkyan@gmail.com,htcstqsvWZfCttAiADpvdBDPOsoUBlYovcMkmKdazV
"Rohit Sriram",rsriram@uci.edu,vhhoVDtlOMrhsgcwGRPSEytXXRfVBAnsAHSMbqTsQW
"Rui Guo",ruig2@uci.edu,5930758461911f4ec712ae62f8ae5b7292bebb9e
"Rushabh Shah",rushabhs@uci.edu,e9f7d072a2247c7d1d21c55fb7ed32852a309e7b
"Roberto Yus",ryuspeir@uci.edu,258e22fb74c43539a1eb05ad681e991cbdd6711a
"Sadeem Saleh",sadeem.alsudais@gmail.com,MZiUZOrxnAyrGFtsuBbBmypilLvVYQwoRNIqacfahx
"Saeed Mirzamohammadi",saeed@uci.edu,peEluSneAOwDyiVOHutUgyHIKlCeGOxkBgMmzmOfiA
"Xiangdong Huang",sainthxd@gmail.com,XqCgNylqNHTqqZRKVglKDJXnBpPlDdkTzQjYWtCFbf
Sumaya,salmanee@uci.edu,de3cef605db4a8732036b0ed174f10f05d51402b
"Sadeem Saleh A Alsudais",salsudai@uci.edu,TGxeSLlrAqvWisKbFfiLSnthrISOWJJXmuTWyExSte
"Sameer Singh",sameer@uci.edu,VjsmEdBEruXHySOtnIjFuxWSBIIotQPWqFxDUveQNz
"Shreya Chippagiri",schippag@uci.edu,dqSDWVaLknMdjMWxGYMMczGKDAtgyaHUSHysmwoDhx
"Parker Thomas Scott",scottpt@uci.edu,ab66dd519127be6dcc914e750971e9b5840c4009
"Sameera Ghayyur",sghayyur@ics.uci.edu,YEaLoRfDReVkyDvghNtNRVZvptpNonGJodBKtxLwFI
Sameera,sghayyur@uci.edu,1bb16e6e140dfac7c5d0f223c35d5dc9ca5834bc
"Shani Murray",shanim@uci.edu,6e53649ba7f6792e95c66e2e669f4f5967b7de3d
shantanu,shantas@uci.edu,35df40d6f6d934f80101eb06d399d5d6c7355b76
"Sharad Mehrotra",sharad@ics.uci.edu,dd8583abd4f8de61a3da4434c0511e3029d87eb6
"Shijing Liu",shijinl@uci.edu,tMZEbKoTnYAiXvOoIfJQjKdtaOAaJmRSJfIurQbhoY
"Shuang Zhao",shz@ics.uci.edu,rgXzMzfSmrIiOHdAmIDPAxgORwNDgAQuaaJnqxMAil
"Sidney Lau",sidnel1@uci.edu,IhSSVPZIQGUUvgpYtJyLqJkigbImwbscFFRUGPVWUc
"Scott Jordan",sjordan@uci.edu,WSpMgoAqTwtaRyGsLYxvszDIeuUyAVlBeDkMRLrUEe
"Sara Milkes",smilkese@uci.edu,iNFHtRjqSZfjURINYgLjoWoXXSSaPdpGrOdYQOxNMq
"Padhraic Smyth",smyth@ics.uci.edu,fNBSZkTcDFVawUtWsqUroFfHIUjwsHhktUWRpodxfJ
"Shamali Dileep Patwa",spatwa@uci.edu,RZVQhJLNwwiMuZlOLEqButOhFUsWGMjmTaMlqLEoQi
"Thomas A. Standish",standish@uci.edu,JRawxqIUEqGZqURRGTaXuOTaskeYZejRPTghKoAfSP
"Stanislaw Jarecki",stasio@ics.uci.edu,SsORTRqhGbSWIkDEEStbiNBzmHuBhjudfCPoCFgNRn
"Erik Sudderth",sudderth@uci.edu,nvJaQnAuNnPTxayhKHxbegAJrKPECAxojHeuGxgARK
UnknownUser,test123@uci.edu,jkWKhkXprUMOySXitDeLKbixvhoRqGhuslANdCBpYJ
"Taylor Futral",tfutral@uci.edu,cfac4cfdc923da169c9d34116a5c6d3bbd928ce7
"Tushar Kulkarni",tgkulkar@uci.edu,50503359f9e55e089bd222b4e58da6df503d1081
"Alex Thornton",thornton@ics.uci.edu,rUkhmaUBsNWvdPSgCSyvxfWwXhxRilFHjPoqkeiAWM
"Tiffany Nguyen",tiffn11@uci.edu,sQKrMKAyiWvwGLgORNWQNwOdHjFaLyeNZMJKlbVJIV
"Tiffany T. Nguyen",tifftn12@uci.edu,xUQgaGXcxqmyzvaJqsUqJOzKoYpevHyAWiapuceCIn
"TIPPERS ISG",tippers2065@gmail.com,iMrfviOipRDisiJkPpCEHvBFmEXrlMHHBgrISGwbRh
ALL,tippers@gmail.com,GhDSzgEvwGfiFtkVxHigVTLkVcegzXWwgLgADdoFea
"Tristan Jogminas",tjogmina@uci.edu,2a9e7cba7bfc3c6c2857d8662884d8e810eb8f9b
"Tristan Jogminas1",tristan.jogminas@gmail.com,c901fe45f68a88f3e45309d015437df5f949d259
"Nalini Venkatasubramanian",uci.nalini@gmail.com,ErDomjweHlSbTlVNaryjpVkWmuaKRUJHkvtiUILFMl
"Sharad Mehrotra",uci.sharad@gmail.com,VfYTIGRQjmXMVIaUkVXMIgsvpAVFqbbBYjTvZcEJBW
"Utkarsha Jitendra Ganla",uganla@uci.edu,0d22c3c9e85e9a515f2031d22007aa26cf47ef23
Arda,unala@uci.edu,1467a87a064b4b83227a5c3ccbc14df824cc3bfc
"Vijay Vazirani",vazirani@uci.edu,ZIzsTnzAkXtxjhMrqhMQblupVwnaLBeqeGaEqDJEpj
"Wail Alkowaileet",walkowai@uci.edu,ac0302a23fd6824b9a381e111ebc17349ae64f81
"Cynthia Feng Wang",wangcf@uci.edu,ueXbTDfWrrcVCFEsbslUHPnHiXsMDMZfWYjCFCqaRU
"wbua qbr",wbuaqbr69@gmail.com,GVroKdsPTEdxKmqDHpOpHLRibfyZKmBcToKKmpNhYj
"Wei-Che Chen",weichec5@uci.edu,zZaYVlxAEJaEMTLVhEuXouXcxrDBlGqULmmmHZmKxb
"Wayne B Hayes",whayes@uci.edu,musvzLAISmQsYVSgWYDVpRdvztmHJKrfPgNpYttaWf
"Wilson Wu",wilsonandusa@gmail.com,2a6e5e40e82cfeab81849571e85b4dd93ec02ac2
"William Richard Schallock",wschallo@uci.edu,ugPULIsxlGsuGtAlXhXYVWYCrbvvskiRdaQbIxiLUB
"Will Tong",wtong.sudo@gmail.com,lCGAtdTJoOoBiuzFNTjGIFgKmDMOinTJXpijObUCZx
"Xiaohui Xie",xhx@ics.uci.edu,qVtAUEnzuFuXEElQIgrQParjnQsgzmJtjdlOHoPBAd
"Xinyue Gong",xinyueg1@uci.edu,31f2cd4e74e2437a50688c762d1cac0fe61cb545
"Alan Yeung",yeungak@uci.edu,EXkZlcYWpOutXMfXKzHYQAKQySjQfQiYIMLOxSBWVX
"Yiheng Xu",yihengx1@uci.edu,lWtdFtFSbXgcQaDwxbgLhOrbPyOMNvAiiiLaWlwbNm
"Yilei Wu",yileiw5@uci.edu,bZiwnSRsYLmimfEMwgeazXfIHrgROGaGfLtmJKfHES
"Yiming Lin",yiminl18@uci.edu,lDSrtVNsieqGwjckBjABoRoDlzfuSgcikNWEezuhiT
"Meng Yuan",yuanm9@uci.edu,nURVAFLujAaIsRnROxrWozdgmOWtnAFfnNuynROqbd
"Yueh Wu",yuehw@uci.edu,oBqsAnXozrIqjUvdygdEqjmUReuWUkNfSBmOkmVTAL
"Le Yu",yule2.71828@gmail.com,6c47a691ebcadc1aac66880286773a22a9f2c143
"Tiger Huang",zhhuangscut@gmail.com,a96c3cf23c386c9226ccc468be4ecb416e87a7ee
"Frank Wang",zhongww3@uci.edu,8188fff1efbd90a5483d333e8a24a55bfff787e5
"Zixu Wang",zixuw3@uci.edu,XKVfDHAhhEOXBBCQJkifeuTTOrQFretghMZFHuvBdA
"Zuozhi Wang",zuozhiw@uci.edu,82e1e2243296fa9ba84dfa811efe471eebfef9d0
